time,Ts_ext,Ts_int
0.0,285.315,293.15
172.973,285.5136758619074,294.2748150206716
180.0,285.5217470364932,294.32051044799414
180.0,285.5217470364932,294.32051044799414
180.0,285.5217470364932,294.32051044799414
180.0,285.5217470364932,294.32051044799414
345.946,285.71235172381483,295.3996300413432
518.919,285.91422551516206,296.42354699245533
691.892,286.12054459679547,297.30721031479266
864.865,286.3268636784288,298.19087363713
1037.84,286.53318514562625,299.0745471768229
1210.81,286.7395006489136,299.95819517312685
1383.78,286.94581615220096,300.84184316943083
1556.76,287.1521435833084,301.7255422525127
1729.73,287.3584590865957,302.6091902488167
1902.7,287.56676222032223,303.4304732968248
2075.68,287.78068840189496,304.0757499495811
2248.65,287.9946022163628,304.7209892987964
2421.62,288.2085160308306,305.3662286480116
2594.59,288.4224298452984,306.0114679972269
2767.57,288.63635602687117,306.6567446499831
2940.54,288.8513008618713,307.2647043527701
3113.51,289.06816042495944,307.8034313061692
3286.49,289.2850325254566,308.3421894052556
3459.46,289.50301285854374,308.8018800461313
3632.43,289.7213309660915,309.23775094892693
3805.41,289.93966169537174,309.6736470509422
3978.38,290.1579798029195,310.10951795373774
4151.35,290.3762979104672,310.54538885653335
4324.32,290.59461601801496,310.9812597593289
4497.3,290.8129467472952,311.41715586134416
4670.27,291.03126485484296,311.85302676413977
4843.24,291.2489421507199,312.2261046863055
5016.22,291.4662250418828,312.559323384628
5189.19,291.68349537188885,312.8925228195271
5362.16,291.9007657018949,313.2257222544261
5535.14,292.11804859305784,313.55894095274857
5708.11,292.3353189230638,313.8921403876476
5881.08,292.55075799598455,314.19223248264063
6054.05,292.7654122660464,314.47813610829337
6227.03,292.9794432830717,314.48908381199595
6400.0,293.18872966884317,312.4529702416644
6572.97,293.3980160546146,310.41685667133277
6745.95,293.60731453996317,308.3806253861622
6918.92,293.81660092573463,306.34451181583063
7091.89,294.02588731150604,304.30839824549906
7200.0,294.15669583995464,303.03578312097716
7200.0,294.15669583995464,303.03578312097716
7200.0,294.15669583995464,303.03578312097716
7200.0,294.15669583995464,303.03578312097716
7264.86,294.2351736972775,302.2722846751675
7437.84,294.44447218262604,300.23605338999687
7610.81,294.6537585683975,298.1999398196653
7783.78,294.85300290752036,297.9662485898707
7956.76,295.051857666301,297.80453618946876
8129.73,295.2507009292579,297.64283313768516
8302.7,295.44954419221483,297.48113008590155
8475.68,295.64839895099544,297.3194176854996
8648.65,295.84684125303573,297.15973150495967
8821.62,296.03766668827564,297.0383588831192
8994.59,296.22849212351554,296.91698626127874
9167.57,296.4135748767449,296.81230836477914
9340.54,296.5921171405687,296.72659103502957
9513.51,296.77065940439246,296.64087370528
9686.49,296.9492119903683,296.55515141991214
9859.46,297.1277542541921,296.46943409016257
10032.4,297.30626555155976,296.3837316272679
10205.4,297.48483878183964,296.2979994306634
10378.4,297.6634120121195,296.2122672340589
10551.4,297.8360980993455,296.13718497821185
10724.3,297.99569981328807,296.0856354003221
10897.3,298.1553938359143,296.0340560077545
11070.3,298.3150878585405,295.9824766151869
11243.2,298.4746895724831,295.9309270372971
11416.2,298.6343835951093,295.87934764472953
11589.2,298.78902729733716,295.8336445587171
11762.2,298.9360955189676,295.7967559325373
11935.1,299.0830787300652,295.75988862926283
12108.1,299.2155345498989,295.73399453019334
12281.1,299.34474412712945,295.7105429387145
12454.1,299.47395370436004,295.6870913472357
12627.0,299.60308859397367,295.66365331159017
12800.0,299.7322981712042,295.64020172011135
12973.0,299.86150774843475,295.61675012863253
13145.9,299.9906426380484,295.59331209298693
13318.9,300.11985221527897,295.5698605015081
13491.9,300.2326019445986,295.55493663402507
13664.9,300.3369305303557,295.544375697987
13837.8,300.4411988105719,295.5338208665362
14010.8,300.545527396329,295.52325993049806
14183.8,300.6498559820861,295.51269899446
14356.8,300.7541845678432,295.5021380584219
14529.7,300.8465870931497,295.4957753156749
14702.7,300.9350885732832,295.4908059860036
14875.7,301.02001377341463,295.4866800628545
15048.6,301.0872540037216,295.4867156554341
15221.6,301.1545331236934,295.48675126859945
15394.6,301.2218122436651,295.4867868817648
15567.6,301.2890913636369,295.4868224949301
15740.5,301.3563315939439,295.48685808750975
15913.5,301.42361071391565,295.48689370067507
16086.5,301.49088983388737,295.4869293138404
16259.5,301.55783277240647,295.48702343018164
16432.4,301.5966767754689,295.49200060852223
16605.4,301.63554324469857,295.49698066550843
16778.4,301.6744097139282,295.50196072249463
16951.4,301.71327618315786,295.5069407794809
17124.3,301.7521201862203,295.5119179578214
17297.3,301.78919696679253,295.5171350331706
17470.3,301.81016654944835,295.5244852737863
17643.2,301.8311240109581,295.531831265708
17816.2,301.8406496232566,295.5401159376924
17989.2,301.8395362208731,295.5492693142209
18162.2,301.8384228184896,295.55842269074935
18335.1,301.8373100596913,295.56757077630874
18508.1,301.8361966573078,295.57672415283724
18681.1,301.8350832549243,295.5858775293657
18854.1,301.8339698525408,295.5950309058942
19027.0,301.8328570937425,295.6041789914536
19200.0,301.821182061571,295.6140342492814
19373.0,301.79085601437936,295.6251289747785
19545.9,301.76054749669476,295.63621728713946
19718.9,301.7302214495031,295.6473120126365
19891.9,301.6998954023115,295.65840673813364
20064.9,301.66956935511985,295.6695014636307
20237.8,301.63144628726303,295.68084611287657
20410.8,301.58374341256757,295.6925108419867
20583.8,301.53604053787217,295.7041755710968
20756.8,301.46953901892743,295.7166823517498
20929.7,301.4002316402706,295.7293093083608
21102.7,301.3308841763745,295.74194356801206
21275.7,301.2615367124784,295.75457782766335
21448.6,301.19222933382156,295.7672047842743
21621.6,301.12288186992544,295.77983904392556
21794.6,301.05353440602937,295.79247330357686
21967.6,300.98418694213325,295.8051075632281
22140.5,300.8956366462482,295.81802026952363
22313.5,300.79923426900285,295.83105628390166
22486.5,300.70283189175757,295.8440922982797
22659.5,300.60642951451223,295.8571283126577
22832.4,300.5100828611844,295.8701567917674
23005.4,300.41368048393906,295.8831928061454
23178.4,300.30480707430655,295.8964497745301
23351.4,300.1928159065772,295.90976198141647
23524.3,300.0768174063006,295.92310419313685
23697.3,299.9461663495408,295.9365891558051
23870.3,299.8155152927811,295.95007411847337
24043.2,299.68493975686334,295.96355128636554
24216.2,299.55428870010354,295.9770362490338
24389.2,299.4236376433438,295.9905212117021
24562.2,299.292986586584,296.0040061743704
24735.1,299.16241105066626,296.01748334226255
24908.1,299.03038092863045,296.03096006884806
25081.1,298.87732174547097,296.0443112052311
25254.1,298.72426256231154,296.05766234161416
25427.0,298.5712918526683,296.0710057605773
25600.0,298.4182326695089,296.08435689696034
25773.0,298.2651734863494,296.0977080333434
25945.9,298.1103489240277,296.1110569488715
26118.9,297.9449068639033,296.124444799762
26291.9,297.77946480377904,296.1378326506525
26464.9,297.6061838541075,296.15100135848326
26637.8,297.427057028397,296.16399622760395
26810.8,297.24782660128346,296.1769986125541
26983.8,297.06859617417,296.1900009975042
27156.8,296.8893657470565,296.20300338245437
27329.7,296.710238921346,296.21599825157506
27502.7,296.5310084942325,296.22900063652526
27675.7,296.351778067119,296.2420030214754
27848.6,296.16621613069725,296.25489328098456
28021.6,295.9713381728149,296.26764129857594
28194.6,295.7764602149326,296.2803893161674
28367.6,295.58158225705034,296.2931373337588
28540.5,295.38681694538644,296.3058779825539
28713.5,295.19193898750416,296.3186260001453
28886.5,294.9931393052713,296.33119505998826
29059.5,294.79041789868796,296.3435851620828
29232.4,294.58781367210844,296.35596810226855
29405.4,294.3779760881468,296.3680015644507
29578.4,294.1675047597455,296.38000326540083
29751.4,293.95703343134414,296.3920049663509
29924.3,293.7466837626702,296.4039997299016
30097.3,293.53621243426886,296.4160014308517
30270.3,293.32574110586756,296.4280031318018
30443.2,293.11539143719364,296.43999789535246
30616.2,292.9049201087923,296.4519995963026
30789.2,292.68894672361387,296.46364058587085
30962.2,292.4712505160562,296.47516862828746
31135.1,292.2536801444566,296.4866900070958
31308.1,292.03598393689896,296.4982180495124
31481.1,291.81828772934125,296.509746091929
31654.1,291.6005915217836,296.5212741343457
31680.0,291.568000008629,296.523000008904
31680.0,291.568000008629,296.523000008904
31827.0,291.3808018594831,302.6623012262641
32000.0,291.16049383361747,309.8874652439737
32173.0,290.9399257420979,315.2647873367743
32345.9,290.7187770876774,315.6080371815588
32518.9,290.4975005277309,315.95148555141253
32691.9,290.27622396778435,316.29493392126625
32864.9,290.05494740783786,316.63838229112
33037.8,289.8337987534173,316.9816321359045
33210.8,289.6125221934708,317.3250805057582
33383.8,289.39124563352425,317.6685288756119
33556.8,289.17019193972027,318.0017303443197
33729.7,288.95103499706386,318.2534056083736
33902.7,288.73175130082586,318.5052264335982
34075.7,288.5124676045878,318.7570472588228
34248.6,288.29331066193146,319.0087225228767
34421.6,288.0740269656934,319.2605433481013
34594.6,287.85538892180045,319.5040714374943
34767.6,287.63933348728756,319.71442858356096
34940.5,287.42340294030913,319.92466413590154
35113.5,287.21115911537777,320.1106932141066
35286.5,287.00126908225127,320.2816989260577
35459.5,286.7913790491248,320.4527046380088
35632.4,286.58161033971686,320.62361150272756
35805.4,286.3717203065904,320.7946172146786
35978.4,286.1618302734639,320.9656229266297
36151.4,285.9519402403374,321.13662863858076
36324.3,285.7421715309295,321.3075355032995
36497.3,285.53740339880335,321.4601341203151
36670.3,285.33861070662476,321.59125819294013
36843.2,285.1399329235168,321.7223064713035
37016.2,284.94114023133824,321.85343054392854
37189.2,284.74234753915965,321.98455461655357
37362.2,284.54355484698107,322.11567868917854
37535.1,284.34936633824213,322.2365476236327
37708.1,284.1587402545372,322.34915406748485
37881.1,283.96811417083217,322.461760511337
38054.1,283.7894944739378,322.5562661762195
38227.0,283.61136811343846,322.6501291184756
38400.0,283.4331387301743,322.7440463481478
38573.0,283.2549093469101,322.8379635778199
38745.9,283.07678298641076,322.931826520076
38918.9,282.8985536031466,323.02574374974813
39091.9,282.72032421988234,323.11966097942025
39264.9,282.54209483661816,323.21357820909236
39437.8,282.3791895352808,323.2918404024773
39610.8,282.21972253451565,323.3665272215399
39783.8,282.0602555337506,323.4412140406025
39956.8,281.90078853298553,323.5159008596652
40129.7,281.7414137096776,323.5905445071561
40302.7,281.5819467089125,323.6652313262187
40475.7,281.4337907849594,323.73160300459085
40648.6,281.2869765601151,323.7970129473587
40821.6,281.14558371218675,323.8594768204904
40994.6,281.01598767021113,323.91554791379997
41167.6,280.8863916282355,323.9716190071095
41340.5,280.75687049726685,324.02765768938247
41513.5,280.62727445529123,324.083728782692
41686.5,280.49767841331567,324.1397998760015
41859.5,280.36808237134005,324.1958709693111
42032.4,280.2385612403714,324.25190965158407
42205.4,280.11295100125324,324.3063180845111
42378.4,280.0080282704518,324.3520968130295
42551.4,279.90310553965037,324.397875541548
42724.3,279.7982434578263,324.44362780837366
42897.3,279.69332072702485,324.4894065368921
43070.3,279.5883979962234,324.5351852654105
43243.2,279.48742932242027,324.56408288243546
43380.0,279.4167906468163,324.5469094204633
43380.0,279.4167906468163,324.5469094204633
43416.2,279.3980982487398,324.5423649809648
43589.2,279.3087671750593,324.52064707949415
43762.2,279.2332061476347,324.4806588708577
43935.1,279.16451277434817,324.43163961981924
44108.1,279.095779670944,324.3825920175656
44281.1,279.0270465675399,324.33354441531196
44454.1,278.9583134641358,324.2844968130583
44627.0,278.88962009084923,324.2354775620198
44800.0,278.82088698744514,324.18642995976614
44973.0,278.75215388404104,324.1373823575125
45145.9,278.6977721300181,324.0973990380902
45318.9,278.6570321910865,324.06602548901213
45491.9,278.6162922521549,324.034651939934
45664.9,278.5755523132233,324.00327839085594
45837.8,278.53483592338927,323.9719229767773
46010.8,278.49409598445766,323.94054942769924
46183.8,278.46351935561745,323.91368558192454
46356.8,278.4397182668382,323.8898282050188
46529.7,278.41633565093764,323.8661130920081
46702.7,278.41474029619275,323.8493047453756
46875.7,278.4131449414478,323.8324963987431
47048.6,278.41155050887323,323.81569776791787
47221.6,278.4099551541283,323.79888942128537
47394.6,278.40835979938333,323.78208107465287
47567.6,278.4067644446384,323.76527272802036
47740.5,278.4051700120638,323.7484740971952
47913.5,278.40357465731887,323.7316657505627
48086.5,278.42677537804565,323.7207770676472
48259.5,278.45396102780444,323.7108397223671
48432.4,278.48113096331485,323.7009081212172
48605.4,278.50831661307365,323.6909707759371
48778.4,278.5355022628325,323.681033430657
48951.4,278.5626879125913,323.6710960853769
49124.3,278.60608392602876,323.6638354082072
49297.3,278.65035485564994,323.6567104174528
49470.3,278.7024289091228,323.6507295617147
49643.2,278.76783653340016,323.6467116148332
49816.2,278.8332819874197,323.64269134409574
49989.2,278.8987274414393,323.6386710733583
50162.2,278.96417289545883,323.63465080262085
50335.1,279.0295805197362,323.63063285573935
50508.1,279.09502597375575,323.6266125850019
50681.1,279.16047142777535,323.62259231426447
50854.1,279.2315980528076,323.61915761023323
51027.0,279.32380939086687,323.61790236180934
51200.0,279.41607406110546,323.6166463873887
51373.0,279.50833873134405,323.615390412968
51545.9,279.60055006940337,323.6141351645441
51718.9,279.69281473964196,323.61287919012346
51891.9,279.7897618047799,323.61211623254775
52064.9,279.89763445801634,323.6125036476103
52237.8,280.0054447571179,323.61289083873356
52410.8,280.126420346446,323.61422208844976
52583.8,280.252536479567,323.6159236233705
52756.8,280.37865261268803,323.6176251582913
52929.7,280.50469584631014,323.6193257096658
53102.7,280.63081197943114,323.6210272445865
53275.7,280.75692811255215,323.62272877950727
53448.6,280.8829713461742,323.6244293308818
53621.6,281.0090874792952,323.62613086580257
53794.6,281.14769397340365,323.62873167170346
53967.6,281.29605303190834,323.63203463490413
54140.5,281.4443263337318,323.6353356888775
54313.5,281.59268539223655,323.6386386520781
54486.5,281.74104445074124,323.64194161527877
54659.5,281.88940350924594,323.64524457847943
54832.4,282.04563131541585,323.648998881831
55005.4,282.2062335167314,323.6529994619572
55178.4,282.36779085382756,323.65707713430214
55351.4,282.5423336482322,323.6622029065461
55524.3,282.71677555084824,323.6673257159159
55697.3,282.8913183452529,323.6724514881598
55870.3,283.06586113965756,323.6775772604038
56043.2,283.2403030422736,323.6827000697736
56216.2,283.41484583667824,323.68782584201756
56389.2,283.5893886310829,323.69295161426146
56562.2,283.76393142548756,323.6980773865054
56735.1,283.95271331583183,323.7041520335351
56908.1,284.14299265200157,323.71032234175567
57081.1,284.33327198817136,323.7164926499763
57254.1,284.5235513243411,323.7226629581969
57427.0,284.7137206724553,323.72882969976536
57600.0,284.904000008625,323.735000007986
57773.0,285.102107708052,323.74200157337935
57945.9,285.30010089435797,323.74899909162514
58118.9,285.50153095022205,323.7562434113459
58291.9,285.70758258146697,323.7638254153111
58464.9,285.9136342127118,323.7714074192763
58637.8,286.11956673896754,323.7789850405802
58810.8,286.32561837021245,323.7865670445454
58983.8,286.5316700014573,323.79414904851063
59156.8,286.7377216327022,323.8017310524758
59329.7,286.94365415895794,323.80930867377975
59502.7,287.15165496211847,323.81713308744054
59675.7,287.36515917770373,323.82564193561427
59848.6,287.5785399804476,323.8341458653786
60021.6,287.7920441960328,323.84265471355235
60194.6,288.00554841161807,323.851163561726
60367.6,288.21905262720327,323.85967240989976
60540.5,288.43343159042865,323.8684364231186
60713.5,288.6497900500354,323.8776889810052
60886.5,288.86614850964213,323.8869415388918
61059.5,289.08344176166156,323.89660316657256
61232.4,289.30089081788554,323.906382354701
61405.4,289.51846563990256,323.9161671988087
61578.4,289.73604046191963,323.9259520429164
61751.4,289.9536152839367,323.93573688702406
61924.3,290.1710643401606,323.9455160751525
62097.3,290.3886391621777,323.9553009192602
62270.3,290.60621398419477,323.9650857633679
62443.2,290.82288909896283,323.97544211603264
62616.2,291.03919776751917,323.98617119031366
62789.2,291.2555064360755,323.9969002645947
62962.2,291.4718151046319,324.0076293388757
63135.1,291.68799873927577,324.0183522113797
63308.1,291.9043074078321,324.0290812856607
63481.1,292.1187904730924,324.04000152678293
63654.1,292.33249113694006,324.05100369655133
63827.0,292.5454032306965,324.06208753872056
64000.0,292.7534786903642,324.0738343184786
64173.0,292.961554150032,324.0855810982366
64345.9,293.16950933486754,324.09732108794856
64518.9,293.37758479453527,324.1090678677066
64691.9,293.58566025420305,324.1208146474646
64864.9,293.7937357138708,324.1325614272227
65037.8,294.00169089870633,324.14430141693464
65210.8,294.2097663583741,324.15604819669267
65383.8,294.40820557545305,324.1686770287305
65556.8,294.606259391039,324.1813411384465
65729.7,294.8041987246506,324.19399792786794
65902.7,295.00225254023655,324.206662037584
66075.7,295.20030635582253,324.2193261473
66248.6,295.39786635138677,324.23199964124785
66421.6,295.5882892969492,324.2449997838784
66594.6,295.77871224251163,324.257999926509
66767.6,295.9636421576262,324.27121274172595
66940.5,296.1422374593443,324.28465903679864
67113.5,296.3209360550483,324.29811310879154
67286.5,296.49963465075234,324.3115671807844
67459.5,296.67833324645636,324.3250212527773
67632.4,296.85692854817444,324.33846754785
67805.4,297.03562714387846,324.3519216198428
67978.4,297.2143257395825,324.3653756918357
68151.4,297.38744629831575,323.3645175940922
68324.3,297.5481639902834,320.1270931561742
68400.0,297.61853026721775,318.70966672499804
68400.0,297.61853026721775,318.70966672499804
68497.3,297.70897463638175,316.88779629232357
68670.3,297.86978528248005,313.64849942847286
68843.2,298.0305029744477,310.41107499055516
69016.2,298.191313620546,307.1717781267045
69189.2,298.347365489304,305.0940683965458
69362.2,298.4962791920515,304.7587393669253
69535.1,298.64510681751415,304.42360416911373
69708.1,298.7800703771787,304.14951339435856
69881.1,298.91193481943424,303.88902710671323
70054.1,299.0437992616898,303.62854081906784
70227.0,299.1755874817244,303.368205101531
70400.0,299.30745192397995,303.10771881388564
70573.0,299.43931636623546,302.84723252624025
70745.9,299.57110458627005,302.5868968087034
70918.9,299.7029690285256,302.326410521058
71091.9,299.8189379573305,302.11451872044546
71264.9,299.92677446586674,301.92748870190195
71437.8,300.0345486411611,301.74056679319574
71610.8,300.14238514969736,301.55353677465223
71783.8,300.25022165823367,301.3665067561087
71956.8,300.3580581667699,301.1794767375652
72129.7,300.45411812648973,301.017754229017
72302.7,300.54632965974156,300.86433636334414
72475.7,300.6351169375804,300.7163042257338
72648.6,300.70696669928566,300.59491655345244
72821.6,300.77885801666565,300.47345867430454
72994.6,300.85074933404564,300.3520007951566
73167.6,300.92264065142564,300.2305429160087
73340.5,300.99449041313085,300.10915524372734
73513.5,301.06638173051084,299.98769736457945
73686.5,301.1382730478909,299.86623948543155
73859.5,301.2098367875478,299.7451691173855
74032.4,301.25401705294087,299.656513332065
74205.4,301.2982228708298,299.56780627098664
74378.4,301.3424286887188,299.4790992099083
74551.4,301.3866345066078,299.39039214883
74724.3,301.4308147720009,299.3017363635095
74897.3,301.4732932265709,299.21455363935405
75070.3,301.50022541127004,299.1410899475042
75243.2,301.52714202823233,299.06766872021615
75416.2,301.54290423546536,299.0019937913782
75589.2,301.54828214856366,298.9435597729456
75762.2,301.5536600616619,298.885125754513
75935.1,301.55903486613994,298.82672551296963
76108.1,301.5644127792382,298.76829149453704
76281.1,301.5697906923365,298.7098574761044
76454.1,301.5751686054347,298.6514234576718
76627.0,301.58054340991276,298.5930232161284
76800.0,301.57564420902054,298.54035841538376
76973.0,301.55259642583104,298.49788160341666
77145.9,301.5295619650596,298.45542934452004
77318.9,301.5065141818701,298.4129525325529
77491.9,301.48346639868066,298.3704757205858
77664.9,301.46041861549116,298.32799890861867
77837.8,301.4298161431619,298.2888193983095
78010.8,301.38993974815355,298.25362003500095
78183.8,301.3500633531452,298.21842067169234
78356.8,301.29189033367516,298.19013633815325
78529.7,301.2309825976617,298.162914621862
78702.7,301.1700396345019,298.135677161374
78875.7,301.1090966713421,298.108439700886
79048.6,301.04818893532865,298.08121798459473
79221.6,300.98724597216886,298.0539805241067
79394.6,300.9263030090091,298.02674306361865
79567.6,300.8653600458493,297.9995056031306
79740.5,300.78575434916416,297.97807617469704
79913.5,300.6985226637809,297.95898248182095
80086.5,300.61129097839773,297.93988878894487
80259.5,300.52405929301455,297.92079509606873
80432.4,300.4368780305708,297.90171244000936
80605.4,300.34964634518764,297.8826187471332
80778.4,300.25005059349655,297.8665499591175
80951.4,300.14736382522847,297.8512373973169
81124.3,300.0408683564345,297.8368996261406
81297.3,299.9204565582656,297.82601339651416
81470.3,299.80004476009674,297.81512716688763
81643.2,299.6797025641233,297.8042472298794
81816.2,299.5592907659544,297.79336100025296
81989.2,299.43887896778557,297.78247477062644
82162.2,299.31846716961667,297.77158854099997
82335.1,299.19812497364325,297.76070860399176
82508.1,299.0763498144894,297.7500889433867
82681.1,298.9337850654709,297.74353413478195
82854.1,298.7912203164523,297.7369793261772
83027.0,298.64873797480317,297.7304283064792
83200.0,298.5061732257846,297.7238734978744
83373.0,298.3636084767661,297.7173186892697
83545.9,298.2194060270791,297.711083443067
83718.9,298.06535175332937,297.7066378551071
83891.9,297.91129747957956,297.7021922671471
84064.9,297.74939412875807,297.69902887719513
84237.8,297.58163059770067,297.696839902355
84410.8,297.41377003741763,297.6946496614797
84583.8,297.24590947713466,297.69245942060434
84756.8,297.0780489168516,297.69026917972906
84929.7,296.9102853857942,297.68808020488893
85102.7,296.74242482551125,297.6858899640136
85275.7,296.5745642652282,297.68369972313826
85448.6,296.4005620295414,297.682556808825
85621.6,296.2175315169411,297.682910155001
85794.6,296.0345010043408,297.6832635011771
85967.6,295.85147049174054,297.68361684735316
86140.5,295.66854577712445,297.6839699892829
86313.5,295.48551526452417,297.68432333545894
86486.5,295.2987216625543,297.6536007914616
86580.0,295.19573293052986,297.62020105969873
86580.0,295.19573293052986,297.62020105969873
86659.5,295.10816497121493,297.59180235729076
86832.4,294.9177184282521,297.5300396447582
87005.4,294.72010341366826,297.44949653659
87178.4,294.5218598069525,297.3672840865422
87351.4,294.3236162002367,297.2850716364945
87524.3,294.12548718520105,297.20290670809413
87697.3,293.9272435784853,297.1206942580464
87870.3,293.72899997176944,297.0384818079986
88043.2,293.53087095673385,296.9563168795983
88216.2,293.3326273500181,296.8741044295506
88389.2,293.1288938975207,296.8105857604563
88562.2,292.9234414461917,296.7529205504384
88735.1,292.7181077535051,296.69528867291183
88908.1,292.51265530217614,296.6376234628939
89081.1,292.30720285084715,296.57995825287594
89254.1,292.10175039951815,296.522293042858
89427.0,291.89425745526785,296.4738785437142
89600.0,291.6862638439353,296.42706099669095
89773.0,291.4779920473032,296.38308685708654
89945.9,291.26908324724826,296.3468796425608
90118.9,291.06005362081964,296.3106514869046
90291.9,290.8510239943911,296.2744233312484
90464.9,290.64199436796247,296.2381951755922
90637.8,290.43308556790754,296.20198796106644
90810.8,290.224055941479,296.16575980541023
90983.8,290.01502631505036,296.12953164975403
91156.8,289.80617328178573,296.09446478658
91329.7,289.59884266080365,296.06863581915974
91502.7,289.39139212621774,296.0427919130654
91675.7,289.18394159163176,296.01694800697106
91848.6,288.97661097064963,295.99111903955077
92021.6,288.7691604360637,295.9652751334565
92194.6,288.5622049108705,295.94042723656105
92367.6,288.35722942324816,295.9195633764613
92540.5,288.1523724185666,295.89871157639635
92713.5,287.95104345731994,297.40274468824157
92880.0,287.75944611962234,299.7565601500304
92880.0,287.75944611962234,299.7565601500304
92886.5,287.7519663436762,299.8484508437339
93059.5,287.55288923003246,302.29415699922623
93232.4,287.35392718986486,304.7384494517384
93405.4,287.1548500762211,307.18415560723076
93578.4,286.9557729625774,309.62986176272307
93751.4,286.75669584893365,312.0755679182154
93924.3,286.55773380876605,314.5198603707278
94097.3,286.3634040532036,315.9658113157485
94270.3,286.1746127789829,316.24540289106824
94443.2,285.9859306326664,316.5248328527606
94616.2,285.7971393584457,316.8044244280803
94789.2,285.608348084225,317.08401600340005
94962.2,285.4195568100042,317.36360757871984
95135.1,285.23536383573713,317.61678165624136
95308.1,285.05473898385657,317.8486101615132
95481.1,284.87411413197594,318.0804386667851
95654.1,284.70502095347695,318.26711170989324
95827.0,284.53640018125554,318.4522097466324
96000.0,284.36768188400686,318.63741483833786
96173.0,284.19896358675817,318.8226199300433
96345.9,284.0303428145368,319.0077179667824
96518.9,283.86162451728813,319.1929230584879
96691.9,283.69290622003945,319.37812815019333
96864.9,283.52418792279076,319.5633332418988
97037.8,283.370486293625,319.71143214230574
97210.8,283.2201582191323,319.8510298987648
97383.8,283.06983014463964,319.9906276552238
97556.8,282.9195020701469,320.13022541168283
97729.7,282.769260890495,320.2697424757971
97902.7,282.61893281600226,320.4093402322561
98075.7,282.47944392313036,320.5301419562841
98248.6,282.3412393170316,320.64878661187356
98421.6,282.2084280395473,320.7609530070566
98594.6,282.0873428083905,320.8590932092144
98767.6,281.9662575772336,320.9572334113722
98940.5,281.84524233753984,321.0553168850895
99113.5,281.72415710638296,321.15345708724726
99286.5,281.60307187522614,321.2515972894051
99459.5,281.48198664406925,321.34973749156285
99632.4,281.3609714043755,321.44782096528013
99805.4,281.2437431338427,321.5425768133813
99978.4,281.14653364191986,321.61976685223505
100151.0,281.0495489118281,321.69677841701053
100324.0,280.95233941990523,321.7739684558643
100497.0,280.8551299279824,321.85115849471805
100670.0,280.7579204360595,321.9283485335718
100843.0,280.6645399198493,322.00310172541776
101016.0,280.5827353767237,322.0704877053797
101189.0,280.5009308335981,322.13787368534173
101362.0,280.4325449501238,322.19838925001636
101535.0,280.37084752588055,322.2554802928875
101708.0,280.3091501016373,322.31257133575866
101881.0,280.24745267739394,322.36966237862987
102054.0,280.18575525315066,322.426753421501
102227.0,280.1240578289074,322.48384446437217
102400.0,280.0623604046641,322.5409355072434
102573.0,280.00066298042077,322.5980265501145
102746.0,279.95290344562676,322.6497320268953
102919.0,279.9184373914495,322.69630093556856
103092.0,279.88397133727227,322.74286984424174
103265.0,279.849505283095,322.789438752915
103438.0,279.8150392289178,322.83600766158816
103611.0,279.78057317474054,322.88257657026134
103784.0,279.7559904955082,322.9260777107787
103957.0,279.73796505542185,322.9675435051158
104130.0,279.72037208823474,323.00890407689843
104303.0,279.7240138408964,323.0450981481417
104476.0,279.72765559355804,323.081292219385
104649.0,279.73129734621966,323.1174862906283
104822.0,279.7349390988813,323.1536803618716
104995.0,279.7385808515429,323.1898744331148
105168.0,279.7422226042045,323.2260685043581
105341.0,279.7458643568662,323.2622625756014
105514.0,279.74950610952783,323.2984566468447
105686.0,279.77706988578234,323.32953334408603
105859.0,279.80859610002676,323.3600112992611
106032.0,279.8401223142712,323.39048925443615
106205.0,279.8716485285156,323.4209672096112
106378.0,279.90317474276003,323.45144516478626
106551.0,279.93470095700445,323.4819231199613
106724.0,279.98209696145284,323.5098003649444
106897.0,280.03036386902215,323.53753488802676
107070.0,280.08605620856724,323.5642284867202
107243.0,280.15456800293657,323.5891250070454
107416.0,280.2230797973059,323.61402152737065
107589.0,280.2915915916752,323.6389180476959
107762.0,280.36010338604456,323.66381456802105
107935.0,280.42861518041383,323.6887110883463
108108.0,280.49712697478316,323.7136076086715
108281.0,280.5656387691525,323.73850412899674
108454.0,280.63962294440626,323.76271056096255
108627.0,280.7340390013028,323.78434045376196
108800.0,280.82845505819927,323.80597034656137
108973.0,280.9228711150958,323.8276002393608
109146.0,281.01728717199234,323.8492301321602
109319.0,281.1117032288888,323.8708600249596
109492.0,281.2104912765278,323.8920837785174
109665.0,281.31945261031746,323.9123624773016
109838.0,281.42841394410715,323.9326411760857
110011.0,281.5501651212208,323.95169690715295
110184.0,281.67690539226874,323.97027557992755
110357.0,281.8036456633167,323.9888542527022
110530.0,281.93038593436466,324.0074329254768
110703.0,282.0571262054126,324.02601159825144
110876.0,282.18386647646054,324.04459027102604
111049.0,282.31060674750853,324.0631689438007
111222.0,282.43734701855647,324.08174761657534
111395.0,282.5760703308185,324.09946567402307
111568.0,282.72406258404897,324.1165180413076
111741.0,282.8720548372795,324.13357040859216
111914.0,283.02004709051005,324.1506227758767
112086.0,283.1671838971901,324.1675765745642
112259.0,283.31517615042065,324.18462894184876
112432.0,283.47043846992983,324.20100000639127
112605.0,283.62966037910866,324.2170000042618
112778.0,283.78976204035666,324.23296608204737
112951.0,283.9622727383004,324.24845371187683
113124.0,284.13478343624416,324.2639413417063
113297.0,284.30729413418794,324.2794289715358
113470.0,284.47980483213166,324.2949166013653
113643.0,284.65231553007544,324.31040423119475
113816.0,284.8248262280192,324.3258918610243
113989.0,284.99733692596294,324.34137949085374
114162.0,285.1698476239067,324.3568671206832
114335.0,285.35531404895187,324.37161629491624
114508.0,285.5420512408425,324.386293037484
114681.0,285.7287884327331,324.40096978005175
114854.0,285.91552562462374,324.4156465226195
115027.0,286.1022628165144,324.43032326518727
115200.0,286.289000008405,324.445000007755
115373.0,286.4834503370371,324.45922517109796
115546.0,286.67790066566914,324.4734503344409
115719.0,286.87512429807447,324.48760270497223
115892.0,287.07619659196234,324.50165405703854
116065.0,287.2772688858502,324.51570540910484
116238.0,287.47834117973804,324.5297567611711
116411.0,287.6794134736259,324.5438081132374
116584.0,287.8804857675138,324.5578594653037
116757.0,288.08155806140167,324.57191081737
116930.0,288.28263035528954,324.5859621694363
117103.0,288.48538260545683,324.60000000194503
117276.0,288.6928358405564,324.6140000029713
117449.0,288.900289075656,324.6280000039976
117622.0,289.1077423107556,324.64200000502393
117795.0,289.31519554585526,324.6560000060502
117968.0,289.52264878095485,324.6700000070765
118141.0,289.7310292233362,324.6838744578579
118314.0,289.9411120790872,324.6975183901567
118486.0,290.1499805830709,324.71108345579484
118659.0,290.35996339914374,324.7249061242062
118832.0,290.56991559074737,324.73878350789346
119005.0,290.779867782351,324.75266089158066
119178.0,290.9898199739546,324.7665382752679
119351.0,291.1997721655582,324.7804156589551
119524.0,291.4097243571618,324.7942930426424
119697.0,291.6196765487654,324.8081704263296
119870.0,291.82962874036906,324.82204781001684
120043.0,292.0380501428654,324.83600000229643
120216.0,292.24549324723046,324.85000000332104
120389.0,292.4529363515955,324.86400000434566
120562.0,292.66037945596054,324.87800000537027
120735.0,292.8678225603256,324.8920000063949
120908.0,293.07526566469056,324.9060000074195
121081.0,293.28052214113234,324.9202389389929
121254.0,293.4848389097063,324.9345805514633
121427.0,293.688414198755,324.9489124831793
121600.0,293.88645923849515,324.9631722119774
121773.0,294.0845042782352,324.9774319407755
121946.0,294.2825493179753,324.9916916695736
122119.0,294.4805943577154,325.0059513983717
122292.0,294.67863939745547,325.0202111271698
122465.0,294.87668443719554,325.03447085596787
122638.0,295.0747294769356,325.04873058476596
122811.0,295.2727745166757,325.06299031356406
122984.0,295.4601984964356,325.0774801532876
123157.0,295.64721095148064,325.09197890891346
123330.0,295.83422340652567,325.1064776645393
123503.0,296.0212358615707,325.12097642016516
123676.0,296.2082483166157,325.13547517579104
123849.0,296.3948352428962,325.1499798529483
124022.0,296.5736680894671,325.1645924335675
124195.0,296.752500936038,325.1792050141867
124368.0,296.92554883805315,325.1940050078001
124541.0,297.09209490766165,325.2090156391935
124714.0,297.25864097727015,325.224026270587
124886.0,297.42422435283464,325.23895013532496
125059.0,297.59077042244314,325.25396076671836
125232.0,297.75731649205164,325.2689713981118
125405.0,297.92386256166014,325.28398202950524
125578.0,298.09040863126864,325.29899266089865
125751.0,298.2511607219083,325.3140523682341
125924.0,298.3989875500798,325.32922155464
126097.0,298.5468143782513,325.34439074104597
126270.0,298.69464120642283,325.3595599274519
126443.0,298.84246803459433,325.3747291138578
126616.0,298.99029486276584,325.3898983002638
126789.0,299.1332012247502,325.4051827027868
126962.0,299.2686912319018,325.4206407643849
127135.0,299.4041812390534,325.43609882598304
127308.0,299.52552710734716,325.4516653568608
127481.0,299.64371854021596,325.4672560786308
127654.0,299.7619099730848,325.48284680040075
127827.0,299.8801014059536,325.4984375221707
128000.0,299.99829283882247,325.5140282439407
128173.0,300.11648427169126,325.52961896571065
128346.0,300.2346757045601,325.5452096874806
128519.0,300.3528671374289,325.5608004092506
128692.0,300.45499553569664,325.5764785207116
128865.0,300.54892700453263,325.5922012269299
129038.0,300.6428584733687,325.60792393314824
129211.0,300.7367899422047,325.62364663936654
129384.0,300.83072141104077,325.63936934558484
129557.0,300.92465287987676,325.6550920518032
129600.0,300.948000007969,325.659000007684
129600.0,300.948000007969,325.659000007684
129730.0,301.0068741600107,320.20251531062326
129780.0,301.02951806464216,318.1038673502153
129780.0,301.02951806464216,318.1038673502153
129903.0,301.08522207003546,312.9411933676116
130076.0,301.16011317634917,306.8477134796677
130249.0,301.2181566654459,306.4460106083738
130422.0,301.27620015454266,306.0443077370799
130595.0,301.3342436436394,305.64260486578604
130768.0,301.3922871327362,305.2409019944921
130941.0,301.45033062183296,304.8391991231982
131114.0,301.5083741109297,304.43749625190435
131286.0,301.5660820885288,304.03811536252545
131459.0,301.6238734649981,303.63743863911634
131632.0,301.65372252663224,303.3504926223368
131805.0,301.6835715882664,303.0635466055572
131978.0,301.71342064990046,302.77660058877757
132151.0,301.7432697115346,302.48965457199796
132324.0,301.77311877316873,302.20270855521835
132497.0,301.8012464076986,301.92080656864584
132670.0,301.8135774170368,301.6851909769145
132843.0,301.825908426375,301.44957538518315
133016.0,301.8269521827558,301.2392048870516
133189.0,301.81745392131285,301.05241268805935
133362.0,301.80795565986995,300.8656204890671
133535.0,301.798457398427,300.6788282900749
133708.0,301.7889591369841,300.49203609108264
133881.0,301.77946087554113,300.3052438920904
134054.0,301.7699626140982,300.11845169309817
134227.0,301.7604643526553,299.93165949410593
134400.0,301.7405849593287,299.7626807287957
134573.0,301.7023732962128,299.62515909896905
134746.0,301.66416163309685,299.4876374691423
134919.0,301.62594996998087,299.35011583931566
135092.0,301.58773830686494,299.212594209489
135265.0,301.549526643749,299.0750725796623
135438.0,301.503630741784,298.9477641500321
135611.0,301.4483758309643,298.8328948744874
135784.0,301.39312092014467,298.7180255989427
135957.0,301.31932511261834,298.6227510453262
136130.0,301.2427507588417,298.53041296463243
136303.0,301.16617640506496,298.43807488393867
136476.0,301.08960205128824,298.3457368032449
136649.0,301.0130276975115,298.25339872255114
136822.0,300.9364533437348,298.1610606418574
136995.0,300.8598789899581,298.0687225611636
137168.0,300.7833046361814,297.97638448046985
137341.0,300.6877764770559,297.90055715156353
137514.0,300.5846615391765,297.8313387024345
137686.0,300.48214264140046,297.7625203599478
137859.0,300.37902770352105,297.6933019108188
138032.0,300.27591276564164,297.6240834616898
138205.0,300.1727978277622,297.55486501256075
138378.0,300.0577598785994,297.49458661830204
138551.0,299.9396979772996,297.43657562926404
138724.0,299.8177239060005,297.3809650128826
138897.0,299.6815912338673,297.33404162591705
139070.0,299.5454585617341,297.2871182389515
139243.0,299.40932588960095,297.240194851986
139416.0,299.27319321746774,297.1932714650205
139589.0,299.1370605453345,297.146348078055
139762.0,299.00092787320136,297.09942469108944
139935.0,298.86479520106815,297.0525013041239
140108.0,298.7273368397906,297.00628671823296
140281.0,298.5694591007612,296.9709896818703
140454.0,298.4115813617318,296.9356926455077
140627.0,298.2537036227024,296.900395609145
140800.0,298.09582588367306,296.86509857278236
140973.0,297.93794814464366,296.82980153641967
141146.0,297.77830840673465,296.79539148840615
141319.0,297.6087065982369,296.76599633605866
141492.0,297.43910478973913,296.7366011837111
141665.0,297.26204775840085,296.71049055368235
141838.0,297.07934576047444,296.68686690749615
142011.0,296.89664376254797,296.66324326130996
142184.0,296.71394176462155,296.63961961512376
142357.0,296.5312397666951,296.6159959689376
142530.0,296.3485377687686,296.59237232275143
142703.0,296.1658357708422,296.56874867656524
142876.0,295.9831337729157,296.54512503037904
143049.0,295.7943025418635,296.5240804828493
143222.0,295.5967801040674,296.50669307793027
143395.0,295.3992576662714,296.48930567301124
143568.0,295.2017352284754,296.4719182680922
143741.0,295.00421279067933,296.4545308631732
143914.0,294.8066903528833,296.4371434582542
144086.0,294.60663858706715,296.4214525767268
144259.0,294.4017313099074,296.40727576648027
144432.0,294.1968240327477,296.3930989562337
144605.0,293.9858001971383,296.38179223031574
144778.0,293.7742148242333,296.37074899560855
144951.0,293.5626294513283,296.35970576090136
145124.0,293.35104407842334,296.3486625261942
145297.0,293.13945870551834,296.337619291487
145470.0,292.92787333261333,296.3265760567798
145643.0,292.7162879597084,296.3155328220726
145816.0,292.5047025868034,296.3044895873654
145989.0,292.28829876831395,296.2960871760246
146162.0,292.0703765623599,296.28851694033585
146335.0,291.8524543564058,296.2809467046471
146508.0,291.6345321504518,296.2733764689583
146681.0,291.4166099444977,296.26580623326953
146854.0,291.19868773854364,296.2582359975807
147027.0,290.97900000626476,296.2520000064411
147200.0,290.7590000040237,296.24600000413324
147373.0,290.5389304337816,296.2405156305046
147546.0,290.3186713470408,296.2364359277106
147719.0,290.0984122602999,296.23235622491654
147892.0,289.87815317355904,296.22827652212254
148065.0,289.6578940868182,296.2241968193285
148238.0,289.43763500007736,296.2201171165345
148411.0,289.2173759133365,296.2160374137404
148584.0,288.99711682659563,296.2119577109464
148757.0,288.77716044325484,296.2080725983279
148930.0,288.55958042804616,296.20571511272533
149103.0,288.3420004128374,296.2033576271228
149276.0,288.12442039762874,296.2010001415203
149449.0,287.90684038242,296.19864265591775
149622.0,287.6892603672113,296.19628517031526
149795.0,287.4724026145849,296.19415676635447
149968.0,287.25839264014,296.1929315985812
150141.0,287.0443826656952,296.1917064308079
150314.0,286.834252816253,296.1909953093557
150486.0,286.62769080650355,296.19060005698964
150659.0,286.41992785483694,296.1902025066447
150832.0,286.21216490317033,296.1898049562998
151005.0,286.0044019515037,296.18940740595485
151178.0,285.7966389998371,296.1890098556099
151351.0,285.5888760481705,296.188612305265
151524.0,285.3811130965039,296.18821475492007
151697.0,285.1787196081937,296.1882684554687
151870.0,284.9826342521236,296.18885229285235
152043.0,284.7865488960535,296.189436130236
152216.0,284.59046353998343,296.19001996761966
152389.0,284.3943781839133,296.1906038050033
152562.0,284.1982928278432,296.191187642387
152735.0,284.00674970462484,296.192000007111
152908.0,283.81893599364264,296.1930000048092
153081.0,283.63112228266044,296.19400000250744
153254.0,283.45589416526155,298.3976301357252
153427.0,283.2810829510564,300.67422333835293
153600.0,283.1062717368513,302.95081654098067
153773.0,282.93146052264615,305.2274097436084
153946.0,282.756649308441,307.50400294623614
154080.0,282.6212464026405,309.26737571590155
154080.0,282.6212464026405,309.26737571590155
154119.0,282.58183809423593,309.7805961488639
154292.0,282.4070268800308,312.0571893514916
154465.0,282.23221566582566,314.33378255411935
154638.0,282.07287848348983,315.04851671591496
154811.0,281.9171143381519,315.40260924368613
154984.0,281.76135019281395,315.75670177145736
155157.0,281.605586047476,316.1107942992286
155330.0,281.44982190213807,316.4648868269998
155503.0,281.2940577568001,316.81897935477105
155676.0,281.1501229109321,317.1162869140155
155849.0,281.007477155391,317.40740636771534
156022.0,280.87055513059494,317.67962839997034
156195.0,280.7457660212026,317.91179250044104
156368.0,280.62097691181026,318.14395660091174
156541.0,280.4961878024179,318.37612070138243
156714.0,280.3713986930256,318.60828480185313
156886.0,280.247330907965,318.83910691330374
157059.0,280.1225417985727,319.07127101377444
157232.0,279.99775268918034,319.30343511424513
157405.0,279.87702809845956,319.5261864205249
157578.0,279.77776492301217,319.6992364211056
157751.0,279.67850174756484,319.8722864216863
157924.0,279.57923857211745,320.0453364222669
158097.0,279.47997539667006,320.21838642284763
158270.0,279.3807122212227,320.39143642342833
158443.0,279.28544362524815,320.5578184653924
158616.0,279.20225166488905,320.7040415627015
158789.0,279.11905970452995,320.8502646600106
158962.0,279.0501158167009,320.97916771513104
159135.0,278.9882738045222,321.09943768773286
159308.0,278.92643179234346,321.2197076603347
159481.0,278.86458978016475,321.3399776329365
159654.0,278.80274776798603,321.4602476055383
159827.0,278.7409057558074,321.58051757814013
160000.0,278.67906374362866,321.70078755074195
160173.0,278.61722173144994,321.82105752334377
160346.0,278.57011117228234,321.92775427682
160519.0,278.5370509674223,322.02150535971884
160692.0,278.50399076256224,322.1152564426177
160865.0,278.47093055770216,322.20900752551654
161038.0,278.4378703528421,322.3027586084154
161211.0,278.404810147982,322.3965096913143
161384.0,278.38221874501346,322.4829318138067
161557.0,278.3665729894537,322.5644914529526
161730.0,278.35138188353875,322.64579802233885
161903.0,278.3585143910918,322.7146786906823
162076.0,278.36564689864485,322.7835593590258
162249.0,278.3727794061979,322.8524400273693
162422.0,278.3799119137509,322.9213206957128
162595.0,278.3870444213039,322.99020136405625
162768.0,278.394176928857,323.0590820323997
162941.0,278.40130943641003,323.1279627007432
163114.0,278.40844194396306,323.1968433690867
163286.0,278.44053247253333,323.25418945171384
163459.0,278.4767794790701,323.31010046563034
163632.0,278.5130264856068,323.3660114795468
163805.0,278.5492734921435,323.4219224934632
163978.0,278.5855204986803,323.47783350737967
164151.0,278.621767505217,323.53374452129617
164324.0,278.67496225651627,323.5835678069571
164497.0,278.72908706697933,323.63305700996983
164670.0,278.79095676119107,323.68024160557735
164843.0,278.8661974199015,323.72344746828225
165016.0,278.94143807861184,323.7666533309871
165189.0,279.01667873732225,323.809859193692
165362.0,279.0919193960326,323.8530650563968
165535.0,279.16716005474296,323.8962709191017
165708.0,279.2424007134534,323.93947678180655
165881.0,279.31764137216373,323.98268264451144
166054.0,279.3986122013458,324.02444611804543
166227.0,279.50097740481266,324.06082423455786
166400.0,279.6033426082795,324.0972023510702
166573.0,279.7057078117463,324.1335804675826
166746.0,279.8080730152132,324.169958584095
166919.0,279.91043821868004,324.2063367006074
167092.0,280.0174075049854,324.24173443092155
167265.0,280.13509013789576,324.27485087796686
167438.0,280.2527727708061,324.30796732501216
167611.0,280.38385076099974,324.3386521843677
167784.0,280.5201540455208,324.36838852394175
167957.0,280.65645733004186,324.3981248635159
168130.0,280.79276061456295,324.42786120309
168303.0,280.92906389908404,324.4575975426641
168476.0,281.06536718360513,324.4873338822382
168649.0,281.2016704681262,324.51707022181233
168822.0,281.3379737526473,324.5468065613864
168995.0,281.48694736355327,324.5744706367167
169168.0,281.6457215338678,324.60053180552234
169341.0,281.8044957041823,324.62659297432793
169514.0,281.9632698744968,324.6526541431336
169686.0,282.1211262750407,324.67856466934495
169859.0,282.27990044535517,324.7046258381506
170032.0,282.4464085147203,324.7295149836794
170205.0,282.61712879696125,324.753765795102
170378.0,282.7887546478448,324.77790041675877
170551.0,282.97315368211827,324.80039616410113
170724.0,283.15755271639165,324.8228919114435
170897.0,283.34195175066503,324.84538765878585
171070.0,283.5263507849384,324.86788340612827
171243.0,283.71074981921186,324.89037915347063
171416.0,283.89514885348524,324.912874900813
171589.0,284.0795478877586,324.93537064815536
171762.0,284.263946922032,324.9578663954978
171935.0,284.4623140488493,324.978537783261
172108.0,284.66205124071666,324.999030228102
172281.0,284.861788432584,325.019522672943
172454.0,285.0615256244513,325.040015117784
172627.0,285.26126281631866,325.060507562625
172800.0,285.461000008186,325.081000007466
172800.0,285.461000008186,325.081000007466
